{
  "Right Option Key Sends" : 0,
  "Tags" : [

  ],
  "Ansi 12 Color" : {
    "Red Component" : 0,
    "Color Space" : "sRGB",
    "Blue Component" : 0.77254903316497803,
    "Alpha Component" : 1,
    "Green Component" : 0.36078432202339172
  },
  "Ansi 6 Color" : {
    "Red Component" : 0.81568628549575806,
    "Color Space" : "sRGB",
    "Blue Component" : 0.57254904508590698,
    "Alpha Component" : 1,
    "Green Component" : 0.20784313976764679
  },
  "Ansi 3 Color" : {
    "Red Component" : 0.89019608497619629,
    "Color Space" : "sRGB",
    "Blue Component" : 0.035294119268655777,
    "Alpha Component" : 1,
    "Green Component" : 0.38431373238563538
  },
  "Bold Color" : {
    "Red Component" : 0.14117647707462311,
    "Color Space" : "sRGB",
    "Blue Component" : 0.18039216101169586,
    "Alpha Component" : 1,
    "Green Component" : 0.16078431904315948
  },
  "Normal Font" : "FiraCode-Regular 16",
  "Transparency" : 0,
  "Ansi 5 Color" : {
    "Red Component" : 0.43529412150382996,
    "Color Space" : "sRGB",
    "Blue Component" : 0.75686275959014893,
    "Alpha Component" : 1,
    "Green Component" : 0.25882354378700256
  },
  "Rows" : 40,
  "Default Bookmark" : "No",
  "Use Non-ASCII Font" : false,
  "Cursor Guide Color" : {
    "Red Component" : 0.70213186740875244,
    "Color Space" : "sRGB",
    "Blue Component" : 1,
    "Alpha Component" : 0.25,
    "Green Component" : 0.9268307089805603
  },
  "Non-ASCII Anti Aliased" : true,
  "Use Bright Bold" : true,
  "Ansi 10 Color" : {
    "Red Component" : 0.15686275064945221,
    "Color Space" : "sRGB",
    "Blue Component" : 0.27058824896812439,
    "Alpha Component" : 1,
    "Green Component" : 0.65490198135375977
  },
  "Ambiguous Double Width" : false,
  "Jobs to Ignore" : [
    "rlogin",
    "ssh",
    "slogin",
    "telnet"
  ],
  "Show Status Bar" : true,
  "Ansi 15 Color" : {
    "Red Component" : 0.96470588445663452,
    "Color Space" : "sRGB",
    "Blue Component" : 0.98039215803146362,
    "Alpha Component" : 1,
    "Green Component" : 0.97254902124404907
  },
  "Foreground Color" : {
    "Red Component" : 0.14117647707462311,
    "Color Space" : "sRGB",
    "Blue Component" : 0.18039216101169586,
    "Alpha Component" : 1,
    "Green Component" : 0.16078431904315948
  },
  "Bound Hosts" : [

  ],
  "Working Directory" : "\/Users\/mlnchk",
  "Blinking Cursor" : false,
  "Disable Window Resizing" : true,
  "Sync Title" : false,
  "Prompt Before Closing 2" : false,
  "BM Growl" : true,
  "Command" : "",
  "Description" : "Default",
  "Mouse Reporting" : true,
  "Screen" : -1,
  "Selection Color" : {
    "Red Component" : 0.78431373834609985,
    "Color Space" : "sRGB",
    "Blue Component" : 1,
    "Alpha Component" : 1,
    "Green Component" : 0.88235294818878174
  },
  "Initial Use Transparency" : false,
  "Columns" : 60,
  "Idle Code" : 0,
  "Ansi 13 Color" : {
    "Red Component" : 0.43529412150382996,
    "Color Space" : "sRGB",
    "Blue Component" : 0.75686275959014893,
    "Alpha Component" : 1,
    "Green Component" : 0.25882354378700256
  },
  "Custom Command" : "No",
  "ASCII Anti Aliased" : true,
  "Non Ascii Font" : "Monaco 12",
  "Vertical Spacing" : 1,
  "Use Bold Font" : true,
  "Option Key Sends" : 0,
  "Selected Text Color" : {
    "Red Component" : 0.14117647707462311,
    "Color Space" : "sRGB",
    "Blue Component" : 0.18039216101169586,
    "Alpha Component" : 1,
    "Green Component" : 0.16078431904315948
  },
  "Background Color" : {
    "Red Component" : 1,
    "Color Space" : "sRGB",
    "Blue Component" : 1,
    "Alpha Component" : 1,
    "Green Component" : 1
  },
  "Character Encoding" : 4,
  "Ansi 11 Color" : {
    "Red Component" : 0.85882353782653809,
    "Color Space" : "sRGB",
    "Blue Component" : 0.035294119268655777,
    "Alpha Component" : 1,
    "Green Component" : 0.67058825492858887
  },
  "Thin Strokes" : 0,
  "Use Italic Font" : true,
  "Unlimited Scrollback" : false,
  "Keyboard Map" : {
    "0xf700-0x260000" : {
      "Action" : 10,
      "Text" : "[1;6A"
    },
    "0x37-0x40000" : {
      "Action" : 11,
      "Text" : "0x1f"
    },
    "0x32-0x40000" : {
      "Action" : 11,
      "Text" : "0x00"
    },
    "0xf709-0x20000" : {
      "Action" : 10,
      "Text" : "[17;2~"
    },
    "0xf70c-0x20000" : {
      "Action" : 10,
      "Text" : "[20;2~"
    },
    "0xf729-0x20000" : {
      "Action" : 10,
      "Text" : "[1;2H"
    },
    "0xf72b-0x40000" : {
      "Action" : 10,
      "Text" : "[1;5F"
    },
    "0xf705-0x20000" : {
      "Action" : 10,
      "Text" : "[1;2Q"
    },
    "0xf703-0x260000" : {
      "Action" : 10,
      "Text" : "[1;6C"
    },
    "0xf700-0x220000" : {
      "Action" : 10,
      "Text" : "[1;2A"
    },
    "0xf701-0x280000" : {
      "Action" : 11,
      "Text" : "0x1b 0x1b 0x5b 0x42"
    },
    "0x38-0x40000" : {
      "Action" : 11,
      "Text" : "0x7f"
    },
    "0x33-0x40000" : {
      "Action" : 11,
      "Text" : "0x1b"
    },
    "0xf703-0x220000" : {
      "Action" : 10,
      "Text" : "[1;2C"
    },
    "0xf701-0x240000" : {
      "Action" : 10,
      "Text" : "[1;5B"
    },
    "0xf70d-0x20000" : {
      "Action" : 10,
      "Text" : "[21;2~"
    },
    "0xf702-0x260000" : {
      "Action" : 10,
      "Text" : "[1;6D"
    },
    "0xf729-0x40000" : {
      "Action" : 10,
      "Text" : "[1;5H"
    },
    "0xf706-0x20000" : {
      "Action" : 10,
      "Text" : "[1;2R"
    },
    "0x34-0x40000" : {
      "Action" : 11,
      "Text" : "0x1c"
    },
    "0xf700-0x280000" : {
      "Action" : 11,
      "Text" : "0x1b 0x1b 0x5b 0x41"
    },
    "0x2d-0x40000" : {
      "Action" : 11,
      "Text" : "0x1f"
    },
    "0xf70e-0x20000" : {
      "Action" : 10,
      "Text" : "[23;2~"
    },
    "0xf702-0x220000" : {
      "Action" : 10,
      "Text" : "[1;2D"
    },
    "0xf703-0x280000" : {
      "Action" : 11,
      "Text" : "0x1b 0x1b 0x5b 0x43"
    },
    "0xf700-0x240000" : {
      "Action" : 10,
      "Text" : "[1;5A"
    },
    "0xf707-0x20000" : {
      "Action" : 10,
      "Text" : "[1;2S"
    },
    "0xf70a-0x20000" : {
      "Action" : 10,
      "Text" : "[18;2~"
    },
    "0x35-0x40000" : {
      "Action" : 11,
      "Text" : "0x1d"
    },
    "0xf70f-0x20000" : {
      "Action" : 10,
      "Text" : "[24;2~"
    },
    "0xf703-0x240000" : {
      "Action" : 10,
      "Text" : "[1;5C"
    },
    "0xf701-0x260000" : {
      "Action" : 10,
      "Text" : "[1;6B"
    },
    "0xf702-0x280000" : {
      "Action" : 11,
      "Text" : "0x1b 0x1b 0x5b 0x44"
    },
    "0xf72b-0x20000" : {
      "Action" : 10,
      "Text" : "[1;2F"
    },
    "0x36-0x40000" : {
      "Action" : 11,
      "Text" : "0x1e"
    },
    "0xf708-0x20000" : {
      "Action" : 10,
      "Text" : "[15;2~"
    },
    "0xf701-0x220000" : {
      "Action" : 10,
      "Text" : "[1;2B"
    },
    "0xf70b-0x20000" : {
      "Action" : 10,
      "Text" : "[19;2~"
    },
    "0xf702-0x240000" : {
      "Action" : 10,
      "Text" : "[1;5D"
    },
    "0xf704-0x20000" : {
      "Action" : 10,
      "Text" : "[1;2P"
    }
  },
  "Window Type" : 0,
  "Background Image Location" : "",
  "Blur" : false,
  "Badge Color" : {
    "Red Component" : 0.90980392694473267,
    "Color Space" : "sRGB",
    "Blue Component" : 0.26274511218070984,
    "Alpha Component" : 0.5,
    "Green Component" : 0.29411765933036804
  },
  "Scrollback Lines" : 1000,
  "Send Code When Idle" : false,
  "Close Sessions On End" : true,
  "Terminal Type" : "xterm-256color",
  "Visual Bell" : true,
  "Flashing Bell" : false,
  "Status Bar Layout" : {
    "components" : [
      {
        "class" : "iTermStatusBarWorkingDirectoryComponent",
        "configuration" : {
          "knobs" : {
            "path" : "path",
            "base: priority" : 5,
            "base: compression resistance" : 1,
            "minwidth" : 0,
            "maxwidth" : 1.7976931348623157e+308
          },